Employer	Cash	Equipment	Scholarship	Stipend	Other	Paid Internships	Total	Contact First Name	Contact Last Name	Contact Email	Contact Phone
2Market Visuals	0	0	0	0	0	0	0				
3 R Construction	0	0	0	0	0	0	0				
"4 Creeks, Inc."	0	0	0	0	0	0	0				
A2 Designs LLC	0	0	0	0	0	0	0				
ABLE Industries	0	0	0	0	0	0	0				
Acme Paving Co. Inc.	0	0	0	0	0	0	0				
Acting Up	0	0	0	0	0	1918.8	0				
Adair & Evans	0	0	0	0	0	0	0				
Adelaide Family Dentistry	0	0	0	0	0	1872	0				
Advanced Structural Design Inc.	0	0	0	0	0	0	0				
Adventist Health	0	0	0	0	0	0	0				
Adventist Medical Center	0	0	0	0	0	0	0				
Aerotek	0	0	0	0	0	0	0				
Ag Lending	0	0	0	0	0	0	0				
Agidius Orchards	0	0	0	0	0	0	0				
AgriCare	0	0	0	0	0	0	0				
Agri-Valley Irrigation	0	0	0	0	0	0	0				
"Agusa, Inc."	0	0	0	0	0	0	0				
Airoso Dairy	0	0	0	0	0	0	0				
Alcoa Davenport Works	0	0	0	0	0	0	0				
"All Family Lending & Real Estate, Inc."	0	0	0	0	0	0	0				
All State Insurance	0	0	0	0	0	1404	0				
Allegiance Waste & Recycling	0	0	0	0	0	0	0				
AllFlex	0	0	0	0	0	0	0				
Alta Family Health Clinic	0	0	0	0	0	1872	0				
Amdal In-Home Care	0	0	0	0	0	0	0				
American Inc.	0	0	0	0	0	0	0				
American River Package One	0	0	0	0	0	0	0				
Art's Cabinets	0	0	0	0	0	0	0				
Assisted Service Dog Education Center	0	0	0	0	0	0	0				
Atlas Walnuts	0	0	0	0	0	0	0				
Avila Graphic Arts	0	0	0	0	0	0	0				
Awards & Signs Unlimited	0	0	0	0	0	0	0				
B & Z Nursery	0	0	0	0	0	280.8	0				
Badger Farming Company	0	0	0	0	0	0	0				
Baker Commodities	0	0	0	0	0	0	0				
Bakersfield College	0	0	0	0	0	0	0				
Bank of Commerce	0	0	0	0	0	0	0				
Bank of the Sierra	0	0	0	0	0	702	0				
Barn Theatre Board	0	0	0	0	0	0	0				
Barnes Construction	0	0	0	0	0	0	0				
Barnes Welding Supply	0	0	0	0	0	0	0				
Bar-One Farms	0	0	0	0	0	0	0				
BASF	0	0	0	0	0	0	0				
"Beckman Coulter, Inc."	0	0	0	0	0	0	0				
Beco Dairy Automation	0	0	0	0	0	0	0				
"Bioproducts, Inc."	0	0	0	0	0	0	0				
BJ Perch Construction	0	0	0	0	0	0	0				
Blair Air & Ground	0	0	0	0	721.5	0	721.5	Roger	Hewett	0	559-924-1276
Bluescope Buildings	0	0	0	0	0	0	0				
BMC West	0	0	0	0	0	0	0				
BMI Group	0	0	0	0	0	0	0				
BMW of Visalia	0	0	0	0	0	0	0				
Bob*s Tiny Market	0	0	0	0	0	702	0				
Bob's Tiny Market	0	0	0	0	0	702	0				
Booth Ranches	0	0	0	0	0	0	0				
Bowsmith	0	0	0	0	0	0	0				
Boyett Farms	0	0	0	0	0	0	0				
Boys & Girls Club of Tulare	0	0	0	0	0	590.85	0				
Britz Fertilizers	0	0	0	0	0	0	0				
BSK Associates	0	0	0	0	0	0	0				
Buckman-Mitchell Inc	0	0	0	0	0	0	0				
Burgos Tile	0	0	0	0	0	702	0				
Burr Commercial Real Estate	0	0	0	0	0	0	0				
Burton School District	0	0	0	0	0	702	0				
Bush Construction	0	0	0	0	0	0	0				
Bussetto Foods	0	0	0	0	0	0	0				
C D R Sytems Inc.	0	0	0	0	0	0	0				
Caglia Environmental	0	0	0	0	0	0	0				
Cal Bennett's	0	0	0	0	0	0	0				
"Calarco, Inc."	0	0	0	0	2826.77	0	2826.77	Bob	Uyemura	0	559-992-3127
Calcot Ltd.	0	0	0	0	0	0	0				
"California Bio-Productex, Inc."	0	0	0	0	0	0	0				
California Department of Corrections and Rehab	0	0	0	0	0	0	0				
California Department of Transportation	0	0	0	0	0	0	0				
California Health Sciences University	0	0	0	0	0	0	0				
California Highway Patrol	0	0	0	0	0	0	0				
California State Prison	0	0	0	0	0	0	0				
"California State University, Fresno"	0	0	0	0	0	0	0				
California Turf Equipment	0	0	0	0	0	0	0				
California Water Service Company	0	0	0	0	0	0	0				
Call & Jensen	0	0	0	0	0	0	0				
CalPoly San Luis Obispo	0	0	0	0	0	0	0				
CalTrans	0	0	0	0	0	0	0				
Camfil Farr Company	0	0	0	0	0	0	0				
Camino Real Farm Labor	0	0	0	0	0	2808	0				
Career Pillar	0	0	0	0	0	0	0				
Cargil Inc. - Nutrena Feed Division	0	0	0	0	0	0	0				
Carpenter's Union	0	0	0	0	0	0	0				
Casa Grande Senior Care Homes & Assisted Living	0	0	0	0	0	0	0				
"CEI Engineering Associates, Inc."	0	0	0	0	0	0	0				
Centex Homes	0	0	0	0	0	0	0				
Central California Family Crisis Center	0	0	0	0	0	163.8	0				
Central Valley Business Forms	0	0	0	0	0	0	0				
"Central Valley Cabinet, MFG."	0	0	0	0	0	0	0				
Central Valley Community Bank	0	0	0	0	0	0	0				
Central Valley Foot & Ankle	0	0	0	0	0	0	0				
Central Valley General Hospital	0	0	0	0	0	0	0				
Central Valley Meat Co.	0	0	0	0	0	0	0				
Certified Development Corp. dba Business Finance Center of Tulare	0	0	0	0	0	0	0				
Chamber of Commerce - Corcoran	0	0	0	0	0	0	0				
Chamber of Commerce - Cutler - Orosi	0	0	0	0	0	0	0				
Chamber of Commerce - Dinuba	0	0	0	0	0	0	0				
Chamber of Commerce - Exeter	0	0	0	0	0	0	0				
Chamber of Commerce - Hanford	0	0	0	0	0	0	0				
Chamber of Commerce - Lindsay	0	0	0	0	0	0	0				
Chamber of Commerce - Porterville	0	0	0	0	0	468	0				
Chamber of Commerce - Tulare	0	0	0	0	0	0	0				
Chamber of Commerce - Visalia	0	0	0	0	0	0	0				
Chemical Waste Management	0	0	0	0	0	0	0				
Children's Hospital	0	0	0	0	0	0	0				
Christenson Law Firm	0	0	0	0	0	0	0				
Circle J/SCICON	0	0	0	0	0	0	0				
Circle T Farms	0	0	0	0	592	0	592	Fred	Holt	ctfarms43@yahoo.com	559-240-4707
Citizens Business Bank	0	0	0	0	0	0	0				
Citri-Care	0	0	0	0	0	0	0				
City of Corcoran	0	0	0	0	0	0	0				
City of Dinuba	0	0	0	0	0	0	0				
City of Exeter	0	0	0	0	0	1404	0				
City of Lindsay	0	0	0	0	0	2901.6	0				
City of Porterville	0	0	0	0	0	5101.2	0				
City of Reedley	0	0	0	0	0	0	0				
City of Tulare	0	0	0	0	0	0	0				
City of Visalia	0	0	0	0	0	0	0				
CM Construction Services	0	0	0	0	0	0	0				
Coca-Cola Refreshments	0	0	0	0	0	0	0				
College of the Sequoias	0	0	0	0	0	0	0				
Comfort Suites	0	0	0	0	0	0	0				
Conagra Foods Inc.	0	0	0	0	0	0	0				
ConnectED	0	0	0	0	0	0	0				
Corcoran District Hospital	0	0	0	0	0	0	0				
Corcoran Joint Unified School District	0	0	0	0	0	0	0				
"Corcoran Machine Works, Inc."	0	0	0	0	0	0	0				
Corps of Engineers	0	0	0	0	0	1380.6	0				
Country Club Mortgage Inc.	0	0	0	0	0	0	0				
County Pleasures	0	0	0	0	0	702	0				
Crisps Warehouse	0	0	0	0	0	0	0				
Cross Creek Gin	0	0	0	0	14422.6	0	14422.6	Kirk	Gilkey	0	559-816-0175
Cross Street Vet	0	0	0	0	0	0	0				
CSET	0	0	0	0	0	0	0				
CTL-SEE'S Inc.	0	0	0	0	0	0	0				
Curtis Alkire Insurance Services	0	0	0	0	0	0	0				
Cutler-Orosi Joint Unified School District	0	0	0	0	0	0	0				
D&S Service Center	0	0	0	0	0	0	0				
Dairy Solutions	0	0	0	0	0	0	0				
Darden Architects	0	0	0	0	0	0	0				
DASH Therapy	0	0	0	0	0	0	0				
Dayka Hackett	0	0	0	0	0	0	0				
DDS	0	0	0	0	0	0	0				
Del Monte Foods	0	0	0	0	0	0	0				
Dibuduo & Defendis Insurance	0	0	0	0	0	1872	0				
Dickey's Barbecue Pit	0	0	0	0	0	0	0				
Dinuba Children's Services	0	0	0	0	0	0	0				
Dinuba Chiropracter	0	0	0	0	0	0	0				
Dinuba Chiropractic	0	0	0	0	0	0	0				
Dinuba Fire Department	0	0	0	0	0	1872	0				
Dinuba Unified School District	0	0	0	0	0	2562.3	0				
Diversified Dairy Solutions	0	0	0	0	0	0	0				
Diversified Development Group	0	0	0	0	0	0	0				
DMI Agency	0	0	0	0	0	0	0				
Don Thompson Creative Services	0	0	0	0	0	0	0				
"Dooley, Herr, Pedersen & Berglund Bailey, LLP."	0	0	0	0	0	0	0				
"Doug De Leo Welding, Inc"	0	0	0	0	0	0	0				
"Dr. Carlos A. Moraza, DDS"	0	0	0	0	0	0	0				
"Dr. Ian Duncan, MD"	0	0	0	0	0	0	0				
"Dr. Kajori G.Thusu, M.D."	0	0	0	0	0	3744	0				
Dr. Karl J Pendegraft DDS	0	0	0	0	0	0	0				
Dr. Nagrani Kishu M.D.	0	0	0	0	0	1872	0				
"Dr. Shaun Matsumoto, D.C."	0	0	0	0	0	3744	0				
Dr. Thiagarajan Ramu M.D.	0	0	0	0	0	702	0				
"Dr. Timothy Suorsa, O.D."	0	0	0	0	0	702	0				
Dr. Togrol Saljoughy M.D.	0	0	0	0	0	702	0				
Duarte Nursery	0	0	0	0	0	0	0				
Durango Packing	0	0	0	0	0	0	0				
Eagle Mountain Casino	0	0	0	0	0	0	0				
EBM Designs Group	0	0	0	0	0	0	0				
El Diamante High School	0	0	0	0	0	0	0				
El Futuro Credit Union	0	0	0	0	0	0	0				
El Quinto Sol de America	0	0	0	0	0	2901.6	0				
El Taco Rico	0	0	0	0	0	1755	0				
Employer	0	0	0	0	0	0	0				
Employment Connection	0	0	0	0	0	936	0				
Enns Packing Co.	0	0	0	0	0	0	0				
Envision	0	0	0	0	0	234	0				
Evergreen Residence Assisted Living & Alzheimer's Care	0	0	0	0	0	0	0				
Evermoore Films	0	0	0	0	0	0	0				
"Exeter Engineering, Inc"	0	0	0	0	0	3276	0				
Exeter Police Department	0	0	0	0	0	0	0				
Exopack	0	0	0	0	0	0	0				
Experimental Aircraft Association	0	0	0	0	0	0	0				
Fagundes Agribusiness	0	0	0	0	0	0	0				
Family Health Care Network	0	0	0	0	0	0	0				
Farmers Insurance Group	0	0	0	0	0	1287	0				
Fashion Trend	0	0	0	0	0	702	0				
FAST Credit Union	0	0	0	0	0	0	0				
Fernandez Insurance Agency	0	0	0	0	0	1123.2	0				
Fernjo Farms	0	0	0	0	0	0	0				
Finance and Thrift	0	0	0	0	0	0	0				
"Financial Credit Network, Inc."	0	0	0	0	0	0	0				
Fisher Metal Products	0	0	0	0	0	0	0				
Forcum Mackey Construction	0	0	0	0	0	0	0				
"Frank M Alvarez, MD"	0	0	0	0	0	0	0				
Franks Automotive	0	0	0	0	0	0	0				
"Fred H. Buettner, DDS, Inc"	0	0	0	0	0	0	0				
Fresno Chaffee Zoo	0	0	0	0	0	0	0				
Fresno City College	0	0	0	0	0	0	0				
Fresno County Office of Education	0	0	0	0	0	0	0				
Fresno Pacific University	0	0	0	0	0	0	0				
Fresno Surgical Center	0	0	0	0	0	0	0				
Fruit Patch Inc.	0	0	0	0	0	0	0				
Fun Flicks	0	0	0	0	0	0	0				
Galaxy 9 Theater	0	0	0	0	0	0	0				
Galaxy Theatres	0	0	0	0	0	1123.2	0				
Garcia Manufacturing	0	0	0	0	0	0	0				
Gateway Plaza	0	0	0	0	0	0	0				
Generations Photography Studios	0	0	0	0	0	0	0				
Gilkey Enterprises	0	0	0	0	0	0	0				
Gist Farms	0	0	0	0	0	0	0				
Glee Set Designer	0	0	0	0	0	0	0				
GMMB	0	0	0	0	0	702	0				
Golden West High School	0	0	0	0	0	0	0				
GRID Alternatives	0	0	0	0	0	187.2	0				
"Griswold, LaSalle, Cobb, Dowd & Gin LLP."	0	0	0	0	0	0	0				
Groppetti Automotive	0	0	0	0	0	0	0				
Grubb & Ellis/Pearson Commercial	0	0	0	0	0	0	0				
Guardian Safety and Supply	0	0	0	0	0	0	0				
GWF Power Systems	0	0	0	0	0	0	0				
Habitat for Humanity	0	0	0	0	0	0	0				
Hampton Inn	0	0	0	0	0	0	0				
Hanford Elementary School District	0	0	0	0	0	0	0				
Hanford Sentinel	0	0	0	0	0	0	0				
Hansen Farms	0	0	0	0	8880	0	8880	Erik	Hansen	erik@hansenranches.com	559-303-5321
Hanson Travel Ideas	0	0	0	0	0	702	0				
Happy Trails Riding Academy	0	0	0	0	0	0	0				
Hart and Cooley	0	0	0	0	0	0	0				
Helena Chemical Co.	0	0	0	0	0	0	0				
Hellwig Manufacturing	0	0	0	0	0	0	0				
Helping Hands Porterville	0	0	0	0	0	0	0				
Heritage Realtors & Property Management	0	0	0	0	0	0	0				
Hernandez Concrete	0	0	0	0	0	0	0				
High-Speed Rail Authority	0	0	0	0	0	0	0				
Hillman Building Designers	0	0	0	0	0	0	0				
Hilti North America	0	0	0	0	0	0	0				
Hoagie*s Heroes	0	0	0	0	0	702	0				
Hoagie's Heroes	0	0	0	0	0	702	0				
Holy Names University	0	0	0	0	0	0	0				
Homac Mfg.	0	0	0	0	0	0	0				
Home Realty & Land Company	0	0	0	0	0	0	0				
"Homegrown Farms, AgriCare"	0	0	0	0	0	0	0				
Homes for Rent	0	0	0	0	0	936	0				
Hoops Preschool	0	0	0	0	0	0	0				
Hyde Commercial Real Estate	0	0	0	0	0	0	0				
Hydrite Chemical Co.	0	0	0	0	0	0	0				
"Ignite Events, Inc"	0	0	0	0	0	0	0				
Imagine Community Arts Center	0	0	0	0	0	6294.6	0				
ImMODO Energy	0	0	0	0	0	0	0				
Imperial Ambulance	0	0	0	0	0	0	0				
INNOVATE-TK	348362	0	0	0	0	0	348362	Randy	Wallace	0	0
Integrated Forest Management	0	0	0	0	0	3744	0				
Intergrated Grain & Milling	0	0	0	0	0	0	0				
International Agri-Center	0	0	0	0	0	0	0				
International Paper	0	0	0	0	0	0	0				
Iron Horse Designs	0	0	0	0	0	0	0				
ITC	0	0	0	0	0	702	0				
J.D. Heiskell & Co.	0	0	0	0	0	0	0				
Jack & Charlie's Restaurant	0	0	0	0	0	0	0				
Jenny Lynn*s Café	0	0	0	0	0	0	0				
Jenny Lynn's Cafe	0	0	0	0	0	1404	0				
JG Boswell	0	600	0	0	16067	0	16667	Gary	Lindley	glindley@jgboswell.com	559-816-4002
JM Eagle	0	0	0	0	0	0	0				
JMPE Electrical Engineering & Lighting Design	0	0	0	0	0	0	0				
Jo-Ann Stores Distribution Center	0	0	0	0	0	0	0				
Joel Picar Farm Labor Contracting	0	0	0	0	0	2340	0				
Jostens	0	0	0	0	0	0	0				
"Kahn, Soares & Conway, LLP."	0	0	0	0	0	0	0				
Kaweah Delta - Lindsay Health Clinic	0	0	0	0	0	0	0				
Kaweah Delta Health Care District	0	0	0	0	0	0	0				
Kaweah Delta Health Care District - Rehabilitation Hospital	0	0	0	0	0	0	0				
Kaweah Manor Convalescent Home	0	0	0	0	0	0	0				
Kawneer	0	0	0	0	0	0	0				
Kearney Agricultural Center	0	0	0	0	0	0	0				
Keenan Farms	0	0	0	0	0	0	0				
Keller Ford Lincoln	0	0	0	0	0	0	0				
Keller Williams Westland Realty	0	0	0	0	0	1404	0				
Ken's Stakes and Supplies	0	0	0	0	0	0	0				
Kings Canyon National Park	0	0	0	0	0	0	0				
Kings County Administration	0	0	0	0	0	0	0				
Kings County Club	0	0	0	0	0	0	0				
Kings County Economic Development Corporation	0	0	0	0	0	0	0				
Kings County Job Training Office	0	0	0	0	0	0	0				
Kings County Office of Education - ROP	0	0	0	0	0	0	0				
"Kings Mortgage Services, Inc."	0	0	0	0	0	0	0				
Kings River Admin	0	0	0	0	0	0	0				
Kings River Produce	0	0	0	0	0	0	0				
Kings Waste & Recycling Authority	0	0	0	0	0	0	0				
Kingsburg Veterinary Clinic	0	0	0	0	0	1872	0				
Kisling Farms	0	0	0	0	0	0	0				
Kiwanis Club - Lindsay	0	0	0	0	0	0	0				
Kleinfelder West Inc.	0	0	0	0	0	0	0				
Kmart	0	0	0	0	0	0	0				
KRC Safety	0	0	0	0	0	0	0				
KTIP Radio	0	0	0	0	0	631.8	0				
KW Engineering	0	0	0	0	0	0	0				
La Osa Veterinary Services	0	0	0	0	0	0	0				
La Tienda Guild Thrift Shop	0	0	0	0	0	0	0				
Lacey Milling Co.	0	0	0	0	0	0	0				
Lakeland Dusters Aviation	0	0	0	0	0	0	0				
Lamp Liter Inn	0	0	0	0	0	0	0				
Land O'Lakes Indl. Cheese	0	0	0	0	0	0	0				
Lane Engineers Inc	0	0	0	0	0	0	0				
Lawrence Nye Carlson Mechanical Engineers	0	0	0	0	0	0	0				
Lemoore Union High School District	0	0	0	0	0	0	0				
Leprino Foods - East	0	0	0	0	0	0	0				
Leprino Foods - West	0	0	0	0	0	0	0				
Lindsay Unified School District	0	0	0	0	0	2761.2	0				
Lindsay-Westwood Veterinary	0	0	0	0	0	280.8	0				
Linwood Meadows Care Center	0	0	0	0	0	0	0				
Lion Raisins	0	0	0	0	0	0	0				
Livestock	0	0	0	0	0	0	0				
Living Water Clinic	0	0	0	0	0	374.4	0				
Lockwood Agency	0	0	0	0	0	0	0				
Longview Development	0	0	0	0	0	0	0				
LUSD Board	0	0	0	0	0	0	0				
"M. Green and Company, LLP"	0	0	0	0	0	0	0				
Macedo Engineering	0	0	0	0	0	0	0				
Mangano Homes	0	0	0	0	0	0	0				
Mangini & Associates	0	0	0	0	0	1146.6	0				
Manitas de Amor	0	0	0	0	0	0	0				
Marinello Schools of Beauty	0	0	0	0	0	0	0				
Marquez Brothers	0	0	0	0	0	0	0				
Marriott Hotel	0	0	0	0	0	0	0				
Marry's Vineyard Shopping Center	0	0	0	0	0	0	0				
Marshalls	0	0	0	0	0	1266.525	0				
Max's Cookie Co.	0	0	0	0	0	0	0				
MBI Powder Coating	0	0	0	0	0	0	0				
"McKinley, Scearcy Associates"	0	0	0	0	0	0	0				
Mclellan Industries & Mclellan Equipment	0	0	0	0	0	0	0				
McMaster Media Productions	0	0	0	0	0	0	0				
McMillin Homes	0	0	0	0	0	0	0				
Melson Realtor	0	0	0	0	0	0	0				
Mendez Media Marketing Inc.	0	0	0	0	0	0	0				
Mercury Luggage Seward Trunk	0	0	0	0	0	0	0				
Merritt Packing	0	0	0	0	0	1404	0				
Metz Electric	0	0	0	0	0	0	0				
"MGS Construction Services, Inc."	0	0	0	0	0	0	0				
Mid Valley Pipe and Supply	0	0	0	0	0	0	0				
"Midstate Precast, L.P."	0	0	0	0	0	0	0				
Mid-Valley Cotton Growers	0	0	0	0	0	0	0				
Migrant Region	0	0	0	0	0	702	0				
Mineral King Minerals	0	0	0	0	0	0	0				
Mission Hills Mortgage Corp.	0	0	0	0	0	0	0				
Mobicanics	0	0	0	0	0	0	0				
Mobile Mill	0	0	0	0	0	0	0				
Monrovia Nursery Company	0	0	0	0	0	0	0				
Monte Vista Ranch	0	0	0	0	0	0	0				
Morgan & Slates	0	0	0	0	0	0	0				
Morning Star Family Creamery	0	0	0	0	0	0	0				
Mountain View Physical Therapy	0	0	0	0	0	1872	0				
Mountain View PT	0	0	0	0	0	0	0				
Mt. Whitney High School	0	0	0	0	0	0	0				
MT. Whitney Packing	0	0	0	0	0	0	0				
Murdock Transcriptions	0	0	0	0	0	0	0				
National University	0	0	0	0	0	0	0				
Naylor Farms	0	0	0	0	0	0	0				
Netto Ag Inc.	0	0	0	0	0	0	0				
Networks2Action	0	0	0	0	0	0	0				
New Covenant Care Center	0	0	0	0	0	0	0				
Nichol's Farm	0	0	0	0	0	0	0				
"Noell, Agnew & Morse, LLP"	0	0	0	0	0	0	0				
Northland Process Piping Inc.	0	0	0	0	0	0	0				
Northside Shopping Center	0	0	0	0	0	0	0				
Norwesco	0	0	0	0	0	0	0				
Olam Spices & Vegetables	0	0	0	0	0	0	0				
On Prem Solutions Partners	0	0	0	0	0	0	0				
Orange Cove Irrigation District	0	0	0	0	0	0	0				
Orchard Walk	0	0	0	0	0	0	0				
Other 	0	0	0	0	0	0	0				
Owen Valley Career Development Center	0	0	0	0	0	0	0				
Pacific Stihl	0	0	0	0	0	0	0				
Palm Village Retirement Community	0	0	0	0	0	3744	0				
Paloma Development	0	0	0	0	0	0	0				
Papich Construction	0	0	0	0	0	0	0				
"Parmod Kumar, MD"	0	0	0	0	0	0	0				
Patterson Logistics	0	0	0	0	0	0	0				
Peck Planning & Development	0	0	0	0	0	0	0				
Pemberton Construction	0	0	0	0	0	0	0				
"Pena's Disposal, Inc."	0	0	0	0	0	0	0				
Penny Newman Milling	0	0	0	0	0	0	0				
Peter G. Cullen & Associates	0	0	0	0	0	0	0				
Pioneer Union Elementary School District	0	0	0	0	0	0	0				
Pipkin Detective Agency	0	0	0	0	0	0	0				
Pitigliano Farms	0	0	0	0	0	0	0				
Pizza Planet	0	0	0	0	0	0	0				
Plant Nutrition	0	0	0	0	0	0	0				
PMI	0	0	0	0	0	0	0				
Pork It Farms	0	0	0	0	0	0	0				
Porterville Adult Day Services	0	0	0	0	0	0	0				
Porterville Believer*s Church	0	0	0	0	0	280.8	0				
Porterville Believer's Church	0	0	0	0	0	280.8	0				
Porterville College	0	0	0	0	0	0	0				
Porterville Collision	0	0	0	0	0	0	0				
Porterville Development Center	0	0	0	0	0	0	0				
Porterville Fire Department	0	0	0	0	0	0	0				
Porterville Medical Reserve Corps	0	0	0	0	0	0	0				
Porterville Police Department	0	0	0	0	0	0	0				
Porterville Recorder	0	0	0	0	0	0	0				
Porterville Sheltered Workshop	0	0	0	0	0	0	0				
Porterville Unified School District	0	0	0	0	0	1567.8	0				
Porterville Women*s Medical Associates	0	0	0	0	0	0	0				
Porterville Youth Football League	0	0	0	0	0	0	0				
Poshmark	0	0	0	0	0	0	0				
Praxair	0	0	0	0	0	0	0				
Private Practice	0	0	0	0	0	0	0				
Pro Citrus	0	0	0	0	0	0	0				
Proctor-Crookshanks	0	0	0	0	0	0	0				
Pro-PT Physical Therapy	0	0	0	0	0	1872	0				
Proteus	0	0	0	0	0	13806	0				
Provisions Food Co	0	0	0	0	0	0	0				
Provost & Pritchard Consulting Group	0	0	0	0	0	0	0				
Quad Knopf	0	0	0	0	0	0	0				
Quail Park of Visalia	0	0	0	0	0	1161.225	0				
Qual Park Retirement Village	0	0	0	0	0	0	0				
Quality Machinery	0	0	0	0	0	0	0				
Quinn Company	0	0	0	0	0	0	0				
R&F Disposal	0	0	0	0	0	0	0				
Redwood High School	0	0	0	0	0	0	0				
Redwood Veterinary Hospital	0	0	0	0	0	0	0				
Reedley College	0	0	0	0	0	0	0				
Research 4 Hire	0	0	0	0	0	0	0				
Rietkerk Farms	0	0	0	0	592	0	592	Pete	Rietkerk	gpspete2000@yahoo.com	559-381-0861
Rising Sun Construction	0	0	0	0	0	0	0				
River Island Country Club	0	0	0	0	0	0	0				
R-N Market	0	0	0	0	0	0	0				
Robinson's Sheet Metal Works	0	0	0	0	0	0	0				
Ruiz Food Products Inc.	0	0	0	0	0	0	0				
Saint Agnes Medical Center	0	0	0	0	0	0	0				
San Joaquin Valley College	0	0	0	0	0	0	0				
"Santa Fe Aggregates, Inc."	0	0	0	0	0	0	0				
Saputo Cheese and Protein	0	0	0	0	0	0	0				
Sawtelle & Rosprim Machine Shop	0	0	0	0	0	0	0				
Schneider Electric/Pelco	0	0	0	0	0	0	0				
Screen Printing & Embroidery	0	0	0	0	0	0	0				
Screw Conveyor Corp	0	0	0	0	0	0	0				
Seals and Biehle Contractors	0	0	0	0	0	0	0				
Security First Alarm King	0	0	0	0	0	0	0				
SEE Youth	0	0	0	0	0	0	0				
Sensation Banton & Dance Company	0	0	0	0	0	0	0				
Sepmra Energy	0	0	0	0	0	0	0				
Sequoia Beverage Company	0	0	0	0	0	0	0				
Sequoia National Forest	0	0	0	0	0	0	0				
Sequoia Prothstetics	0	0	0	0	0	0	0				
Sequoia Riverlands Trust	0	0	0	0	0	0	0				
Sequoia Safety Council	0	0	0	0	0	0	0				
Sequoia Surgery Center	0	0	0	0	0	0	0				
Sequoia Youth Football League	0	0	0	0	0	1053	0				
Serpa Packagining Solutions	0	0	0	0	0	0	0				
Service Master	0	0	0	0	0	0	0				
Service Spring Corp	0	0	0	0	0	0	0				
Setton Farms	0	0	0	0	0	0	0				
SF Academy of Art	0	0	0	0	0	0	0				
SGI Construction Management	0	0	0	0	0	0	0				
Shannon Farming	0	0	0	0	0	0	0				
Sheldon Ranches	0	0	0	0	0	0	0				
Sid Carter Sr Master Uphlstry	0	0	0	0	0	0	0				
Sierra Forest Products	0	0	0	0	0	0	0				
Sierra View District Hospital	0	0	0	0	0	0	0				
"Silveira's Ground Service, Inc."	0	0	0	0	0	0	0				
SK Foods	0	0	0	0	0	0	0				
Smart & Final	0	0	0	0	0	2808	0				
SmithCare	0	0	0	0	0	0	0				
Sol Power Construction	0	0	0	0	0	0	0				
Sorensen Chiropractic & Massage	0	0	0	0	0	1872	0				
Sousa Farms	0	0	0	0	0	0	0				
"South Valley Materials, Inc."	0	0	0	0	0	0	0				
Southern California Edison	0	0	0	0	0	0	0				
Southern California Gas Company	0	0	0	0	0	0	0				
SS Shirts	0	0	0	0	0	0	0				
St Anne's Parish	0	0	0	0	0	0	0				
St. Clement's Day Care Center	0	0	0	0	0	0	0				
Staci Welch Photography	0	0	0	0	0	0	0				
Stan*s Enterprises	0	0	0	0	0	0	0				
Stan's Enterprises	0	0	0	0	0	0	0				
"Staples, Inc."	0	0	0	0	0	0	0				
Star Roses	0	0	0	0	0	0	0				
Starbucks	0	0	0	0	0	0	0				
State Farm Insurance	0	0	0	0	0	0	0				
"Steven J. Lessley, OD"	0	0	0	0	0	0	0				
Stifel-Nicolaus	0	0	0	0	0	0	0				
Strathmore Public Utilities District	0	0	0	0	0	0	0				
Strathmore Union Elementary School District	0	0	0	0	0	2340	0				
Subway	0	0	0	0	0	2106	0				
Sun Pacific	0	0	0	0	0	0	0				
Suncrest Bank	0	0	0	0	0	0	0				
Sundowner Solar	0	0	0	0	0	0	0				
Sun-Maid	0	0	0	0	0	0	0				
SunPower	0	0	0	0	0	0	0				
Suntreat	0	0	0	0	0	0	0				
"Superior Court of California, County of Tulare"	0	0	0	0	0	0	0				
Surabian & Sons	0	0	0	0	0	0	0				
Tachi Palace Hotel & Casion	0	0	0	0	0	0	0				
Taco Bell	0	0	0	0	0	1287	0				
TCOVE - Health Science	0	0	0	0	0	0	0				
Telfer & Son's Construction	0	0	0	0	0	0	0				
Telstar Instruments Inc.	0	0	0	0	0	0	0				
Tenalu	0	0	0	0	0	0	0				
Tenalu Farms	0	0	0	0	0	0	0				
Termite Manufacturing	0	0	0	0	0	0	0				
Terra Bella Union Elementary School District	0	0	0	0	0	0	0				
Terrio Theraphy Fitness	0	0	0	0	0	0	0				
"Teter, LLC"	0	0	0	0	0	0	0				
The Allen Group	0	0	0	0	0	0	0				
The Auto Shop	0	0	0	0	0	0	0				
The Foothills Sun-Gazette	0	0	0	0	0	0	0				
The Lockwood Agency	0	0	0	0	0	0	0				
The Meadows	0	0	0	0	0	1170	0				
The Southern Pacific Depot Restuarnat	0	0	0	0	0	0	0				
The Village Shopping Center	0	0	0	0	0	0	0				
The Vintage Press	0	0	0	0	0	0	0				
Thiele Technologies	0	0	0	0	0	0	0				
Thomas Creeks Farms	0	0	0	0	0	0	0				
"Thresher Industries, LLC."	0	0	0	0	0	0	0				
Timothy Suorsa OD	0	0	0	0	0	0	0				
Tom's Body and Paint	0	0	0	0	0	0	0				
Tony's Pizza	0	0	0	0	0	0	0				
Torian Group	0	0	0	0	0	0	0				
Total Nutrition	0	0	0	0	0	0	0				
Towanits Indian Education Center	0	0	0	0	0	0	0				
Townsend Architecture	0	0	0	0	0	0	0				
Toys for Tots	0	0	0	0	0	0	0				
Tri-Mag Inc.	0	0	0	0	0	0	0				
Tucoemas Federal Credit Union	0	0	0	0	0	0	0				
Tulare Adult School	0	0	0	0	0	0	0				
Tulare AG Products	0	0	0	0	0	1872	0				
Tulare Community Band	0	0	0	0	0	0	0				
Tulare Community Health Clinic	0	0	0	0	0	1170	0				
Tulare County	0	0	0	0	0	0	0				
Tulare County Association of Realtors	0	0	0	0	0	0	0				
Tulare County Child Care Program	0	0	0	0	0	0	0				
Tulare County District Attorney	0	0	0	0	0	0	0				
Tulare County Farm Bureau	0	0	0	0	0	0	0				
Tulare County Film Commission	0	0	0	0	0	0	0				
Tulare County Fire Department	0	0	0	0	0	0	0				
Tulare County Health & Human Services Agency	0	0	0	0	0	0	0				
Tulare County Library	0	0	0	0	0	3486.6	0				
Tulare County Office of Education	0	0	0	0	0	0	0				
Tulare County Parks and Recreation Department	0	0	0	0	0	0	0				
Tulare County Probation Department	0	0	0	0	0	0	0				
Tulare County Resource Conservation District	0	0	0	0	0	0	0				
Tulare County Resource Mangement	0	0	0	0	0	0	0				
Tulare County Sheriff Department	0	0	0	0	0	0	0				
Tulare County Stockyard	0	0	0	0	0	0	0				
Tulare County Superior Court	0	0	0	0	0	0	0				
Tulare County Supervisor	0	0	0	0	0	0	0				
Tulare District Healthcare	0	0	0	0	0	0	0				
Tulare Foot & Ankle Medicine & Surgery Center	0	0	0	0	0	0	0				
Tulare Golf Course	0	0	0	0	0	0	0				
Tulare Historical Museum	0	0	0	0	0	0	0				
Tulare Kings Hispanic Chamber of Commerce	0	0	0	0	0	0	0				
Tulare Pavilions	0	0	0	0	0	0	0				
Tulare Regional Medial Center	0	0	0	0	0	0	0				
Tulare/Akers Professional Center	0	0	0	0	0	0	0				
Tule River Education Center	0	0	0	0	0	0	0				
Tyrrell Management Company	0	0	0	0	0	0	0				
UC Merced	0	0	0	0	0	0	0				
Uniform Connection	0	0	0	0	0	0	0				
United Signs	0	0	0	0	0	0	0				
United Staffing	0	0	0	0	0	0	0				
United States Air Force	0	0	0	0	0	0	0				
United States Army	0	0	0	0	0	0	0				
United States Department of Agriculture	0	0	0	0	0	0	0				
United States Marines Corps	0	0	0	0	0	0	0				
United States Navy	0	0	0	0	0	0	0				
Universal Bio Parmical Research	0	0	0	0	0	0	0				
Universal Technical Institute	0	0	0	0	0	0	0				
"University of California, San Diego"	0	0	0	0	0	0	0				
"University of California, San Francisco"	0	0	0	0	0	0	0				
unWired Broadband	0	0	0	0	0	0	0				
Urbanist Collective	0	0	0	0	0	0	0				
US Army Corps	0	0	0	0	0	0	0				
US Cotton Classing Office	0	0	0	0	0	0	0				
US Farm Systems	0	0	0	0	0	0	0				
US House of Representatives	0	0	0	0	0	0	0				
US Naval Air Station	0	0	0	0	0	0	0				
US Naval Hospital	0	0	0	0	0	0	0				
Vali Cooper & Associates	0	0	0	0	0	0	0				
Valley Agricultural Software	0	0	0	0	0	0	0				
Valley Business Bank	0	0	0	0	0	0	0				
Valley Children*s Hospital	0	0	0	0	0	0	0				
Valley Children's Hospital	0	0	0	0	0	0	0				
Valley Cleaning and Restoration	0	0	0	0	0	936	0				
Valley Economic Development Center	0	0	0	0	0	0	0				
Valley Financial Services	0	0	0	0	0	0	0				
Valley Ford Lincoln	0	0	0	0	0	0	0				
Valley Oak Credit Union	0	0	0	0	0	0	0				
Valley Oaks Golf Course	0	0	0	0	0	0	0				
Valley Orthopedic Inc	0	0	0	0	0	0	0				
Valley Pallet	0	0	0	0	0	0	0				
Valley Tire and Wheel	0	0	0	0	0	0	0				
VCR Restoration	0	0	0	0	0	0	0				
Verdegaal Brothers	0	0	0	0	0	0	0				
Verdesian Life Science	0	0	0	0	0	0	0				
"VF Outdoor, Inc."	0	0	0	0	0	0	0				
Viking Ready Mix Co.	0	0	0	0	0	0	0				
Visalia Adult School	0	0	0	0	0	0	0				
Visalia Ceramic Tile	0	0	0	0	0	0	0				
Visalia Community Bank	0	0	0	0	0	0	0				
Visalia Convention Center	0	0	0	0	0	0	0				
Visalia Family Practice Medical Group	0	0	0	0	0	0	0				
Visalia Health Care Center	0	0	0	0	0	0	0				
Visalia Holiday Inn & Conference Center	0	0	0	0	0	0	0				
Visalia Lumber Co.	0	0	0	0	0	0	0				
Visalia Mall	0	0	0	0	0	0	0				
Visalia Medical Clinic	0	0	0	0	0	0	0				
Visalia Public Works Administration	0	0	0	0	0	0	0				
Visalia Technical Education Center	0	0	0	0	0	0	0				
Visalia Times-Delta	0	0	0	0	0	0	0				
Visalia Unified School District	0	0	0	0	0	1892.475	0				
Visalia Youth Services	0	0	0	0	0	0	0				
VMTRC	0	0	0	0	0	0	0				
Voltage Multipliers	0	0	0	0	0	0	0				
Vossler Farms	0	0	0	0	0	0	0				
VWR	0	0	0	0	0	0	0				
Walmart Distribution Center	0	0	0	0	0	0	0				
Walmart Pharmacy Warehouse	0	0	0	0	0	0	0				
Walmart Supercenter	0	0	0	0	0	0	0				
Walter Mortensen Insurance	0	0	0	0	0	0	0				
Warmerdam Packing	0	0	0	0	0	0	0				
"Warren & Baerg Manufacturing, Inc."	0	0	0	0	0	0	0				
Warson Starr Attorney at Law	0	0	0	0	0	0	0				
Wawona Packing Company	0	0	0	0	0	0	0				
Wells Fargo Bank	0	0	0	0	0	0	0				
West Hills Community College	0	0	0	0	0	0	0				
Western Farm Service	0	0	0	0	0	0	0				
Westgate Gardens	0	0	0	0	0	0	0				
Westlands Water District	0	0	0	0	0	0	0				
Westwood Capital Services	0	0	0	0	0	0	0				
Whitlacth Group	0	0	0	0	0	0	0				
Wiggins Care Home	0	0	0	0	0	0	0				
Wildplaces	0	0	0	0	0	0	0				
Woodside Homes of Fresno	0	0	0	0	0	0	0				
Workforce Investment Board of Tulare County	0	0	0	0	0	0	0				
X Factor Fitness	0	0	0	0	0	0	0				
Yamabe & Horn Engineering Inc.	0	0	0	0	0	0	0				
Youngs Trucking	0	0	0	0	0	0	0				
Zach Green Films	0	0	0	0	0	0	0				
Zeeb Commercial Real Estate	0	0	0	0	0	0	0				
Zylstra Automotive	0	0	0	0	0	0	0				
