,Employer,Cash,Equipment,Scholarship,Stipend,Other,Paid Internships,Total,Contact First Name,Contact Last Name,Contact Email,Contact Phone
1,2Market Visuals,0,0,0,0,0,0,0,,,,
2,3 R Construction,0,0,0,0,0,0,0,,,,
3,"4 Creeks, Inc.",0,0,0,0,0,0,0,,,,
4,A2 Designs LLC,0,0,0,0,0,0,0,,,,
5,ABLE Industries,0,0,0,0,0,0,0,,,,
6,Acme Paving Co. Inc.,0,0,0,0,0,0,0,,,,
7,Acting Up,0,0,0,0,0,1918.8,0,,,,
8,Adair & Evans,0,0,0,0,0,0,0,,,,
9,Adelaide Family Dentistry,0,0,0,0,0,1872,0,,,,
10,Advanced Structural Design Inc.,0,0,0,0,0,0,0,,,,
11,Adventist Health,0,0,0,0,0,0,0,,,,
12,Adventist Medical Center,0,0,0,0,0,0,0,,,,
13,Aerotek,0,0,0,0,0,0,0,,,,
14,Ag Lending,0,0,0,0,0,0,0,,,,
15,Agidius Orchards,0,0,0,0,0,0,0,,,,
16,AgriCare,0,0,0,0,0,0,0,,,,
17,Agri-Valley Irrigation,0,0,0,0,0,0,0,,,,
18,"Agusa, Inc.",0,0,0,0,0,0,0,,,,
19,Airoso Dairy,0,0,0,0,0,0,0,,,,
20,Alcoa Davenport Works,0,0,0,0,0,0,0,,,,
21,"All Family Lending & Real Estate, Inc.",0,0,0,0,0,0,0,,,,
22,All State Insurance,0,0,0,0,0,1404,0,,,,
23,Allegiance Waste & Recycling,0,0,0,0,0,0,0,,,,
24,AllFlex,0,0,0,0,0,0,0,,,,
25,Alta Family Health Clinic,0,0,0,0,0,1872,0,,,,
26,Amdal In-Home Care,0,0,0,0,0,0,0,,,,
27,American Inc.,0,0,0,0,0,0,0,,,,
28,American River Package One,0,0,0,0,0,0,0,,,,
29,Art's Cabinets,0,0,0,0,0,0,0,,,,
30,Assisted Service Dog Education Center,0,0,0,0,0,0,0,,,,
31,Atlas Walnuts,0,0,0,0,0,0,0,,,,
32,Avila Graphic Arts,0,0,0,0,0,0,0,,,,
33,Awards & Signs Unlimited,0,0,0,0,0,0,0,,,,
34,B & Z Nursery,0,0,0,0,0,280.8,0,,,,
35,Badger Farming Company,0,0,0,0,0,0,0,,,,
36,Baker Commodities,0,0,0,0,0,0,0,,,,
37,Bakersfield College,0,0,0,0,0,0,0,,,,
38,Bank of Commerce,0,0,0,0,0,0,0,,,,
39,Bank of the Sierra,0,0,0,0,0,702,0,,,,
40,Barn Theatre Board,0,0,0,0,0,0,0,,,,
41,Barnes Construction,0,0,0,0,0,0,0,,,,
42,Barnes Welding Supply,0,0,0,0,0,0,0,,,,
43,Bar-One Farms,0,0,0,0,0,0,0,,,,
44,BASF,0,0,0,0,0,0,0,,,,
45,"Beckman Coulter, Inc.",0,0,0,0,0,0,0,,,,
46,Beco Dairy Automation,0,0,0,0,0,0,0,,,,
47,"Bioproducts, Inc.",0,0,0,0,0,0,0,,,,
48,BJ Perch Construction,0,0,0,0,0,0,0,,,,
49,Blair Air & Ground,0,0,0,0,721.5,0,721.5,Roger,Hewett,0,559-924-1276
50,Bluescope Buildings,0,0,0,0,0,0,0,,,,
51,BMC West,0,0,0,0,0,0,0,,,,
52,BMI Group,0,0,0,0,0,0,0,,,,
53,BMW of Visalia,0,0,0,0,0,0,0,,,,
54,Bob*s Tiny Market,0,0,0,0,0,702,0,,,,
55,Bob's Tiny Market,0,0,0,0,0,702,0,,,,
56,Booth Ranches,0,0,0,0,0,0,0,,,,
57,Bowsmith,0,0,0,0,0,0,0,,,,
58,Boyett Farms,0,0,0,0,0,0,0,,,,
59,Boys & Girls Club of Tulare,0,0,0,0,0,590.85,0,,,,
60,Britz Fertilizers,0,0,0,0,0,0,0,,,,
61,BSK Associates,0,0,0,0,0,0,0,,,,
62,Buckman-Mitchell Inc,0,0,0,0,0,0,0,,,,
63,Burgos Tile,0,0,0,0,0,702,0,,,,
64,Burr Commercial Real Estate,0,0,0,0,0,0,0,,,,
65,Burton School District,0,0,0,0,0,702,0,,,,
66,Bush Construction,0,0,0,0,0,0,0,,,,
67,Bussetto Foods,0,0,0,0,0,0,0,,,,
68,C D R Sytems Inc.,0,0,0,0,0,0,0,,,,
69,Caglia Environmental,0,0,0,0,0,0,0,,,,
70,Cal Bennett's,0,0,0,0,0,0,0,,,,
71,"Calarco, Inc.",0,0,0,0,2826.77,0,2826.77,Bob,Uyemura,0,559-992-3127
72,Calcot Ltd.,0,0,0,0,0,0,0,,,,
73,"California Bio-Productex, Inc.",0,0,0,0,0,0,0,,,,
74,California Department of Corrections and Rehab,0,0,0,0,0,0,0,,,,
75,California Department of Transportation,0,0,0,0,0,0,0,,,,
76,California Health Sciences University,0,0,0,0,0,0,0,,,,
77,California Highway Patrol,0,0,0,0,0,0,0,,,,
78,California State Prison,0,0,0,0,0,0,0,,,,
79,"California State University, Fresno",0,0,0,0,0,0,0,,,,
80,California Turf Equipment,0,0,0,0,0,0,0,,,,
81,California Water Service Company,0,0,0,0,0,0,0,,,,
82,Call & Jensen,0,0,0,0,0,0,0,,,,
83,CalPoly San Luis Obispo,0,0,0,0,0,0,0,,,,
84,CalTrans,0,0,0,0,0,0,0,,,,
85,Camfil Farr Company,0,0,0,0,0,0,0,,,,
86,Camino Real Farm Labor,0,0,0,0,0,2808,0,,,,
87,Career Pillar,0,0,0,0,0,0,0,,,,
88,Cargil Inc. - Nutrena Feed Division,0,0,0,0,0,0,0,,,,
89,Carpenter's Union,0,0,0,0,0,0,0,,,,
90,Casa Grande Senior Care Homes & Assisted Living,0,0,0,0,0,0,0,,,,
91,"CEI Engineering Associates, Inc.",0,0,0,0,0,0,0,,,,
92,Centex Homes,0,0,0,0,0,0,0,,,,
93,Central California Family Crisis Center,0,0,0,0,0,163.8,0,,,,
94,Central Valley Business Forms,0,0,0,0,0,0,0,,,,
95,"Central Valley Cabinet, MFG.",0,0,0,0,0,0,0,,,,
96,Central Valley Community Bank,0,0,0,0,0,0,0,,,,
97,Central Valley Foot & Ankle,0,0,0,0,0,0,0,,,,
98,Central Valley General Hospital,0,0,0,0,0,0,0,,,,
99,Central Valley Meat Co.,0,0,0,0,0,0,0,,,,
100,Certified Development Corp. dba Business Finance Center of Tulare,0,0,0,0,0,0,0,,,,
101,Chamber of Commerce - Corcoran,0,0,0,0,0,0,0,,,,
102,Chamber of Commerce - Cutler - Orosi,0,0,0,0,0,0,0,,,,
103,Chamber of Commerce - Dinuba,0,0,0,0,0,0,0,,,,
104,Chamber of Commerce - Exeter,0,0,0,0,0,0,0,,,,
105,Chamber of Commerce - Hanford,0,0,0,0,0,0,0,,,,
106,Chamber of Commerce - Lindsay,0,0,0,0,0,0,0,,,,
107,Chamber of Commerce - Porterville,0,0,0,0,0,468,0,,,,
108,Chamber of Commerce - Tulare,0,0,0,0,0,0,0,,,,
109,Chamber of Commerce - Visalia,0,0,0,0,0,0,0,,,,
110,Chemical Waste Management,0,0,0,0,0,0,0,,,,
111,Children's Hospital,0,0,0,0,0,0,0,,,,
112,Christenson Law Firm,0,0,0,0,0,0,0,,,,
113,Circle J/SCICON,0,0,0,0,0,0,0,,,,
114,Circle T Farms,0,0,0,0,592,0,592,Fred,Holt,ctfarms43@yahoo.com,559-240-4707
115,Citizens Business Bank,0,0,0,0,0,0,0,,,,
116,Citri-Care,0,0,0,0,0,0,0,,,,
117,City of Corcoran,0,0,0,0,0,0,0,,,,
118,City of Dinuba,0,0,0,0,0,0,0,,,,
119,City of Exeter,0,0,0,0,0,1404,0,,,,
120,City of Lindsay,0,0,0,0,0,2901.6,0,,,,
121,City of Porterville,0,0,0,0,0,5101.2,0,,,,
122,City of Reedley,0,0,0,0,0,0,0,,,,
123,City of Tulare,0,0,0,0,0,0,0,,,,
124,City of Visalia,0,0,0,0,0,0,0,,,,
125,CM Construction Services,0,0,0,0,0,0,0,,,,
126,Coca-Cola Refreshments,0,0,0,0,0,0,0,,,,
127,College of the Sequoias,0,0,0,0,0,0,0,,,,
128,Comfort Suites,0,0,0,0,0,0,0,,,,
129,Conagra Foods Inc.,0,0,0,0,0,0,0,,,,
130,ConnectED,0,0,0,0,0,0,0,,,,
131,Corcoran District Hospital,0,0,0,0,0,0,0,,,,
132,Corcoran Joint Unified School District,0,0,0,0,0,0,0,,,,
133,"Corcoran Machine Works, Inc.",0,0,0,0,0,0,0,,,,
134,Corps of Engineers,0,0,0,0,0,1380.6,0,,,,
135,Country Club Mortgage Inc.,0,0,0,0,0,0,0,,,,
136,County Pleasures,0,0,0,0,0,702,0,,,,
137,Crisps Warehouse,0,0,0,0,0,0,0,,,,
138,Cross Creek Gin,0,0,0,0,14422.6,0,14422.6,Kirk,Gilkey,0,559-816-0175
139,Cross Street Vet,0,0,0,0,0,0,0,,,,
140,CSET,0,0,0,0,0,0,0,,,,
141,CTL-SEE'S Inc.,0,0,0,0,0,0,0,,,,
142,Curtis Alkire Insurance Services,0,0,0,0,0,0,0,,,,
143,Cutler-Orosi Joint Unified School District,0,0,0,0,0,0,0,,,,
144,D&S Service Center,0,0,0,0,0,0,0,,,,
145,Dairy Solutions,0,0,0,0,0,0,0,,,,
146,Darden Architects,0,0,0,0,0,0,0,,,,
147,DASH Therapy,0,0,0,0,0,0,0,,,,
148,Dayka Hackett,0,0,0,0,0,0,0,,,,
149,DDS,0,0,0,0,0,0,0,,,,
150,Del Monte Foods,0,0,0,0,0,0,0,,,,
151,Dibuduo & Defendis Insurance,0,0,0,0,0,1872,0,,,,
152,Dickey's Barbecue Pit,0,0,0,0,0,0,0,,,,
153,Dinuba Children's Services,0,0,0,0,0,0,0,,,,
154,Dinuba Chiropracter,0,0,0,0,0,0,0,,,,
155,Dinuba Chiropractic,0,0,0,0,0,0,0,,,,
156,Dinuba Fire Department,0,0,0,0,0,1872,0,,,,
157,Dinuba Unified School District,0,0,0,0,0,2562.3,0,,,,
158,Diversified Dairy Solutions,0,0,0,0,0,0,0,,,,
159,Diversified Development Group,0,0,0,0,0,0,0,,,,
160,DMI Agency,0,0,0,0,0,0,0,,,,
161,Don Thompson Creative Services,0,0,0,0,0,0,0,,,,
162,"Dooley, Herr, Pedersen & Berglund Bailey, LLP.",0,0,0,0,0,0,0,,,,
163,"Doug De Leo Welding, Inc",0,0,0,0,0,0,0,,,,
164,"Dr. Carlos A. Moraza, DDS",0,0,0,0,0,0,0,,,,
165,"Dr. Ian Duncan, MD",0,0,0,0,0,0,0,,,,
166,"Dr. Kajori G.Thusu, M.D.",0,0,0,0,0,3744,0,,,,
167,Dr. Karl J Pendegraft DDS,0,0,0,0,0,0,0,,,,
168,Dr. Nagrani Kishu M.D.,0,0,0,0,0,1872,0,,,,
169,"Dr. Shaun Matsumoto, D.C.",0,0,0,0,0,3744,0,,,,
170,Dr. Thiagarajan Ramu M.D.,0,0,0,0,0,702,0,,,,
171,"Dr. Timothy Suorsa, O.D.",0,0,0,0,0,702,0,,,,
172,Dr. Togrol Saljoughy M.D.,0,0,0,0,0,702,0,,,,
173,Duarte Nursery,0,0,0,0,0,0,0,,,,
174,Durango Packing,0,0,0,0,0,0,0,,,,
175,Eagle Mountain Casino,0,0,0,0,0,0,0,,,,
176,EBM Designs Group,0,0,0,0,0,0,0,,,,
177,El Diamante High School,0,0,0,0,0,0,0,,,,
178,El Futuro Credit Union,0,0,0,0,0,0,0,,,,
179,El Quinto Sol de America,0,0,0,0,0,2901.6,0,,,,
180,El Taco Rico,0,0,0,0,0,1755,0,,,,
181,Employer,0,0,0,0,0,0,0,,,,
182,Employment Connection,0,0,0,0,0,936,0,,,,
183,Enns Packing Co.,0,0,0,0,0,0,0,,,,
184,Envision,0,0,0,0,0,234,0,,,,
185,Evergreen Residence Assisted Living & Alzheimer's Care,0,0,0,0,0,0,0,,,,
186,Evermoore Films,0,0,0,0,0,0,0,,,,
187,"Exeter Engineering, Inc",0,0,0,0,0,3276,0,,,,
188,Exeter Police Department,0,0,0,0,0,0,0,,,,
189,Exopack,0,0,0,0,0,0,0,,,,
190,Experimental Aircraft Association,0,0,0,0,0,0,0,,,,
191,Fagundes Agribusiness,0,0,0,0,0,0,0,,,,
192,Family Health Care Network,0,0,0,0,0,0,0,,,,
193,Farmers Insurance Group,0,0,0,0,0,1287,0,,,,
194,Fashion Trend,0,0,0,0,0,702,0,,,,
195,FAST Credit Union,0,0,0,0,0,0,0,,,,
196,Fernandez Insurance Agency,0,0,0,0,0,1123.2,0,,,,
197,Fernjo Farms,0,0,0,0,0,0,0,,,,
198,Finance and Thrift,0,0,0,0,0,0,0,,,,
199,"Financial Credit Network, Inc.",0,0,0,0,0,0,0,,,,
200,Fisher Metal Products,0,0,0,0,0,0,0,,,,
201,Forcum Mackey Construction,0,0,0,0,0,0,0,,,,
202,"Frank M Alvarez, MD",0,0,0,0,0,0,0,,,,
203,Franks Automotive,0,0,0,0,0,0,0,,,,
204,"Fred H. Buettner, DDS, Inc",0,0,0,0,0,0,0,,,,
205,Fresno Chaffee Zoo,0,0,0,0,0,0,0,,,,
206,Fresno City College,0,0,0,0,0,0,0,,,,
207,Fresno County Office of Education,0,0,0,0,0,0,0,,,,
208,Fresno Pacific University,0,0,0,0,0,0,0,,,,
209,Fresno Surgical Center,0,0,0,0,0,0,0,,,,
210,Fruit Patch Inc.,0,0,0,0,0,0,0,,,,
211,Fun Flicks,0,0,0,0,0,0,0,,,,
212,Galaxy 9 Theater,0,0,0,0,0,0,0,,,,
213,Galaxy Theatres,0,0,0,0,0,1123.2,0,,,,
214,Garcia Manufacturing,0,0,0,0,0,0,0,,,,
215,Gateway Plaza,0,0,0,0,0,0,0,,,,
216,Generations Photography Studios,0,0,0,0,0,0,0,,,,
217,Gilkey Enterprises,0,0,0,0,0,0,0,,,,
218,Gist Farms,0,0,0,0,0,0,0,,,,
219,Glee Set Designer,0,0,0,0,0,0,0,,,,
220,GMMB,0,0,0,0,0,702,0,,,,
221,Golden West High School,0,0,0,0,0,0,0,,,,
222,GRID Alternatives,0,0,0,0,0,187.2,0,,,,
223,"Griswold, LaSalle, Cobb, Dowd & Gin LLP.",0,0,0,0,0,0,0,,,,
224,Groppetti Automotive,0,0,0,0,0,0,0,,,,
225,Grubb & Ellis/Pearson Commercial,0,0,0,0,0,0,0,,,,
226,Guardian Safety and Supply,0,0,0,0,0,0,0,,,,
227,GWF Power Systems,0,0,0,0,0,0,0,,,,
228,Habitat for Humanity,0,0,0,0,0,0,0,,,,
229,Hampton Inn,0,0,0,0,0,0,0,,,,
230,Hanford Elementary School District,0,0,0,0,0,0,0,,,,
231,Hanford Sentinel,0,0,0,0,0,0,0,,,,
232,Hansen Farms,0,0,0,0,8880,0,8880,Erik,Hansen,erik@hansenranches.com,559-303-5321
233,Hanson Travel Ideas,0,0,0,0,0,702,0,,,,
234,Happy Trails Riding Academy,0,0,0,0,0,0,0,,,,
235,Hart and Cooley,0,0,0,0,0,0,0,,,,
236,Helena Chemical Co.,0,0,0,0,0,0,0,,,,
237,Hellwig Manufacturing,0,0,0,0,0,0,0,,,,
238,Helping Hands Porterville,0,0,0,0,0,0,0,,,,
239,Heritage Realtors & Property Management,0,0,0,0,0,0,0,,,,
240,Hernandez Concrete,0,0,0,0,0,0,0,,,,
241,High-Speed Rail Authority,0,0,0,0,0,0,0,,,,
242,Hillman Building Designers,0,0,0,0,0,0,0,,,,
243,Hilti North America,0,0,0,0,0,0,0,,,,
244,Hoagie*s Heroes,0,0,0,0,0,702,0,,,,
245,Hoagie's Heroes,0,0,0,0,0,702,0,,,,
246,Holy Names University,0,0,0,0,0,0,0,,,,
247,Homac Mfg.,0,0,0,0,0,0,0,,,,
248,Home Realty & Land Company,0,0,0,0,0,0,0,,,,
249,"Homegrown Farms, AgriCare",0,0,0,0,0,0,0,,,,
250,Homes for Rent,0,0,0,0,0,936,0,,,,
251,Hoops Preschool,0,0,0,0,0,0,0,,,,
252,Hyde Commercial Real Estate,0,0,0,0,0,0,0,,,,
253,Hydrite Chemical Co.,0,0,0,0,0,0,0,,,,
254,"Ignite Events, Inc",0,0,0,0,0,0,0,,,,
255,Imagine Community Arts Center,0,0,0,0,0,6294.6,0,,,,
256,ImMODO Energy,0,0,0,0,0,0,0,,,,
257,Imperial Ambulance,0,0,0,0,0,0,0,,,,
258,INNOVATE-TK,348362,0,0,0,0,0,348362,Randy,Wallace,0,0
259,Integrated Forest Management,0,0,0,0,0,3744,0,,,,
260,Intergrated Grain & Milling,0,0,0,0,0,0,0,,,,
261,International Agri-Center,0,0,0,0,0,0,0,,,,
262,International Paper,0,0,0,0,0,0,0,,,,
263,Iron Horse Designs,0,0,0,0,0,0,0,,,,
264,ITC,0,0,0,0,0,702,0,,,,
265,J.D. Heiskell & Co.,0,0,0,0,0,0,0,,,,
266,Jack & Charlie's Restaurant,0,0,0,0,0,0,0,,,,
267,Jenny Lynn*s Café,0,0,0,0,0,0,0,,,,
268,Jenny Lynn's Cafe,0,0,0,0,0,1404,0,,,,
269,JG Boswell,0,600,0,0,16067,0,16667,Gary,Lindley,glindley@jgboswell.com,559-816-4002
270,JM Eagle,0,0,0,0,0,0,0,,,,
271,JMPE Electrical Engineering & Lighting Design,0,0,0,0,0,0,0,,,,
272,Jo-Ann Stores Distribution Center,0,0,0,0,0,0,0,,,,
273,Joel Picar Farm Labor Contracting,0,0,0,0,0,2340,0,,,,
274,Jostens,0,0,0,0,0,0,0,,,,
275,"Kahn, Soares & Conway, LLP.",0,0,0,0,0,0,0,,,,
276,Kaweah Delta - Lindsay Health Clinic,0,0,0,0,0,0,0,,,,
277,Kaweah Delta Health Care District,0,0,0,0,0,0,0,,,,
278,Kaweah Delta Health Care District - Rehabilitation Hospital,0,0,0,0,0,0,0,,,,
279,Kaweah Manor Convalescent Home,0,0,0,0,0,0,0,,,,
280,Kawneer,0,0,0,0,0,0,0,,,,
281,Kearney Agricultural Center,0,0,0,0,0,0,0,,,,
282,Keenan Farms,0,0,0,0,0,0,0,,,,
283,Keller Ford Lincoln,0,0,0,0,0,0,0,,,,
284,Keller Williams Westland Realty,0,0,0,0,0,1404,0,,,,
285,Ken's Stakes and Supplies,0,0,0,0,0,0,0,,,,
286,Kings Canyon National Park,0,0,0,0,0,0,0,,,,
287,Kings County Administration,0,0,0,0,0,0,0,,,,
288,Kings County Club,0,0,0,0,0,0,0,,,,
289,Kings County Economic Development Corporation,0,0,0,0,0,0,0,,,,
290,Kings County Job Training Office,0,0,0,0,0,0,0,,,,
291,Kings County Office of Education - ROP,0,0,0,0,0,0,0,,,,
292,"Kings Mortgage Services, Inc.",0,0,0,0,0,0,0,,,,
293,Kings River Admin,0,0,0,0,0,0,0,,,,
294,Kings River Produce,0,0,0,0,0,0,0,,,,
295,Kings Waste & Recycling Authority,0,0,0,0,0,0,0,,,,
296,Kingsburg Veterinary Clinic,0,0,0,0,0,1872,0,,,,
297,Kisling Farms,0,0,0,0,0,0,0,,,,
298,Kiwanis Club - Lindsay,0,0,0,0,0,0,0,,,,
299,Kleinfelder West Inc.,0,0,0,0,0,0,0,,,,
300,Kmart,0,0,0,0,0,0,0,,,,
301,KRC Safety,0,0,0,0,0,0,0,,,,
302,KTIP Radio,0,0,0,0,0,631.8,0,,,,
303,KW Engineering,0,0,0,0,0,0,0,,,,
304,La Osa Veterinary Services,0,0,0,0,0,0,0,,,,
305,La Tienda Guild Thrift Shop,0,0,0,0,0,0,0,,,,
306,Lacey Milling Co.,0,0,0,0,0,0,0,,,,
307,Lakeland Dusters Aviation,0,0,0,0,0,0,0,,,,
308,Lamp Liter Inn,0,0,0,0,0,0,0,,,,
309,Land O'Lakes Indl. Cheese,0,0,0,0,0,0,0,,,,
310,Lane Engineers Inc,0,0,0,0,0,0,0,,,,
311,Lawrence Nye Carlson Mechanical Engineers,0,0,0,0,0,0,0,,,,
312,Lemoore Union High School District,0,0,0,0,0,0,0,,,,
313,Leprino Foods - East,0,0,0,0,0,0,0,,,,
314,Leprino Foods - West,0,0,0,0,0,0,0,,,,
315,Lindsay Unified School District,0,0,0,0,0,2761.2,0,,,,
316,Lindsay-Westwood Veterinary,0,0,0,0,0,280.8,0,,,,
317,Linwood Meadows Care Center,0,0,0,0,0,0,0,,,,
318,Lion Raisins,0,0,0,0,0,0,0,,,,
319,Livestock,0,0,0,0,0,0,0,,,,
320,Living Water Clinic,0,0,0,0,0,374.4,0,,,,
321,Lockwood Agency,0,0,0,0,0,0,0,,,,
322,Longview Development,0,0,0,0,0,0,0,,,,
323,LUSD Board,0,0,0,0,0,0,0,,,,
324,"M. Green and Company, LLP",0,0,0,0,0,0,0,,,,
325,Macedo Engineering,0,0,0,0,0,0,0,,,,
326,Mangano Homes,0,0,0,0,0,0,0,,,,
327,Mangini & Associates,0,0,0,0,0,1146.6,0,,,,
328,Manitas de Amor,0,0,0,0,0,0,0,,,,
329,Marinello Schools of Beauty,0,0,0,0,0,0,0,,,,
330,Marquez Brothers,0,0,0,0,0,0,0,,,,
331,Marriott Hotel,0,0,0,0,0,0,0,,,,
332,Marry's Vineyard Shopping Center,0,0,0,0,0,0,0,,,,
333,Marshalls,0,0,0,0,0,1266.525,0,,,,
334,Max's Cookie Co.,0,0,0,0,0,0,0,,,,
335,MBI Powder Coating,0,0,0,0,0,0,0,,,,
336,"McKinley, Scearcy Associates",0,0,0,0,0,0,0,,,,
337,Mclellan Industries & Mclellan Equipment,0,0,0,0,0,0,0,,,,
338,McMaster Media Productions,0,0,0,0,0,0,0,,,,
339,McMillin Homes,0,0,0,0,0,0,0,,,,
340,Melson Realtor,0,0,0,0,0,0,0,,,,
341,Mendez Media Marketing Inc.,0,0,0,0,0,0,0,,,,
342,Mercury Luggage Seward Trunk,0,0,0,0,0,0,0,,,,
343,Merritt Packing,0,0,0,0,0,1404,0,,,,
344,Metz Electric,0,0,0,0,0,0,0,,,,
345,"MGS Construction Services, Inc.",0,0,0,0,0,0,0,,,,
346,Mid Valley Pipe and Supply,0,0,0,0,0,0,0,,,,
347,"Midstate Precast, L.P.",0,0,0,0,0,0,0,,,,
348,Mid-Valley Cotton Growers,0,0,0,0,0,0,0,,,,
349,Migrant Region,0,0,0,0,0,702,0,,,,
350,Mineral King Minerals,0,0,0,0,0,0,0,,,,
351,Mission Hills Mortgage Corp.,0,0,0,0,0,0,0,,,,
352,Mobicanics,0,0,0,0,0,0,0,,,,
353,Mobile Mill,0,0,0,0,0,0,0,,,,
354,Monrovia Nursery Company,0,0,0,0,0,0,0,,,,
355,Monte Vista Ranch,0,0,0,0,0,0,0,,,,
356,Morgan & Slates,0,0,0,0,0,0,0,,,,
357,Morning Star Family Creamery,0,0,0,0,0,0,0,,,,
358,Mountain View Physical Therapy,0,0,0,0,0,1872,0,,,,
359,Mountain View PT,0,0,0,0,0,0,0,,,,
360,Mt. Whitney High School,0,0,0,0,0,0,0,,,,
361,MT. Whitney Packing,0,0,0,0,0,0,0,,,,
362,Murdock Transcriptions,0,0,0,0,0,0,0,,,,
363,National University,0,0,0,0,0,0,0,,,,
364,Naylor Farms,0,0,0,0,0,0,0,,,,
365,Netto Ag Inc.,0,0,0,0,0,0,0,,,,
366,Networks2Action,0,0,0,0,0,0,0,,,,
367,New Covenant Care Center,0,0,0,0,0,0,0,,,,
368,Nichol's Farm,0,0,0,0,0,0,0,,,,
369,"Noell, Agnew & Morse, LLP",0,0,0,0,0,0,0,,,,
370,Northland Process Piping Inc.,0,0,0,0,0,0,0,,,,
371,Northside Shopping Center,0,0,0,0,0,0,0,,,,
372,Norwesco,0,0,0,0,0,0,0,,,,
373,Olam Spices & Vegetables,0,0,0,0,0,0,0,,,,
374,On Prem Solutions Partners,0,0,0,0,0,0,0,,,,
375,Orange Cove Irrigation District,0,0,0,0,0,0,0,,,,
376,Orchard Walk,0,0,0,0,0,0,0,,,,
377,Other ,0,0,0,0,0,0,0,,,,
378,Owen Valley Career Development Center,0,0,0,0,0,0,0,,,,
379,Pacific Stihl,0,0,0,0,0,0,0,,,,
380,Palm Village Retirement Community,0,0,0,0,0,3744,0,,,,
381,Paloma Development,0,0,0,0,0,0,0,,,,
382,Papich Construction,0,0,0,0,0,0,0,,,,
383,"Parmod Kumar, MD",0,0,0,0,0,0,0,,,,
384,Patterson Logistics,0,0,0,0,0,0,0,,,,
385,Peck Planning & Development,0,0,0,0,0,0,0,,,,
386,Pemberton Construction,0,0,0,0,0,0,0,,,,
387,"Pena's Disposal, Inc.",0,0,0,0,0,0,0,,,,
388,Penny Newman Milling,0,0,0,0,0,0,0,,,,
389,Peter G. Cullen & Associates,0,0,0,0,0,0,0,,,,
390,Pioneer Union Elementary School District,0,0,0,0,0,0,0,,,,
391,Pipkin Detective Agency,0,0,0,0,0,0,0,,,,
392,Pitigliano Farms,0,0,0,0,0,0,0,,,,
393,Pizza Planet,0,0,0,0,0,0,0,,,,
394,Plant Nutrition,0,0,0,0,0,0,0,,,,
395,PMI,0,0,0,0,0,0,0,,,,
396,Pork It Farms,0,0,0,0,0,0,0,,,,
397,Porterville Adult Day Services,0,0,0,0,0,0,0,,,,
398,Porterville Believer*s Church,0,0,0,0,0,280.8,0,,,,
399,Porterville Believer's Church,0,0,0,0,0,280.8,0,,,,
400,Porterville College,0,0,0,0,0,0,0,,,,
401,Porterville Collision,0,0,0,0,0,0,0,,,,
402,Porterville Development Center,0,0,0,0,0,0,0,,,,
403,Porterville Fire Department,0,0,0,0,0,0,0,,,,
404,Porterville Medical Reserve Corps,0,0,0,0,0,0,0,,,,
405,Porterville Police Department,0,0,0,0,0,0,0,,,,
406,Porterville Recorder,0,0,0,0,0,0,0,,,,
407,Porterville Sheltered Workshop,0,0,0,0,0,0,0,,,,
408,Porterville Unified School District,0,0,0,0,0,1567.8,0,,,,
409,Porterville Women*s Medical Associates,0,0,0,0,0,0,0,,,,
410,Porterville Youth Football League,0,0,0,0,0,0,0,,,,
411,Poshmark,0,0,0,0,0,0,0,,,,
412,Praxair,0,0,0,0,0,0,0,,,,
413,Private Practice,0,0,0,0,0,0,0,,,,
414,Pro Citrus,0,0,0,0,0,0,0,,,,
415,Proctor-Crookshanks,0,0,0,0,0,0,0,,,,
416,Pro-PT Physical Therapy,0,0,0,0,0,1872,0,,,,
417,Proteus,0,0,0,0,0,13806,0,,,,
418,Provisions Food Co,0,0,0,0,0,0,0,,,,
419,Provost & Pritchard Consulting Group,0,0,0,0,0,0,0,,,,
420,Quad Knopf,0,0,0,0,0,0,0,,,,
421,Quail Park of Visalia,0,0,0,0,0,1161.225,0,,,,
422,Qual Park Retirement Village,0,0,0,0,0,0,0,,,,
423,Quality Machinery,0,0,0,0,0,0,0,,,,
424,Quinn Company,0,0,0,0,0,0,0,,,,
425,R&F Disposal,0,0,0,0,0,0,0,,,,
426,Redwood High School,0,0,0,0,0,0,0,,,,
427,Redwood Veterinary Hospital,0,0,0,0,0,0,0,,,,
428,Reedley College,0,0,0,0,0,0,0,,,,
429,Research 4 Hire,0,0,0,0,0,0,0,,,,
430,Rietkerk Farms,0,0,0,0,592,0,592,Pete,Rietkerk,gpspete2000@yahoo.com,559-381-0861
431,Rising Sun Construction,0,0,0,0,0,0,0,,,,
432,River Island Country Club,0,0,0,0,0,0,0,,,,
433,R-N Market,0,0,0,0,0,0,0,,,,
434,Robinson's Sheet Metal Works,0,0,0,0,0,0,0,,,,
435,Ruiz Food Products Inc.,0,0,0,0,0,0,0,,,,
436,Saint Agnes Medical Center,0,0,0,0,0,0,0,,,,
437,San Joaquin Valley College,0,0,0,0,0,0,0,,,,
438,"Santa Fe Aggregates, Inc.",0,0,0,0,0,0,0,,,,
439,Saputo Cheese and Protein,0,0,0,0,0,0,0,,,,
440,Sawtelle & Rosprim Machine Shop,0,0,0,0,0,0,0,,,,
441,Schneider Electric/Pelco,0,0,0,0,0,0,0,,,,
442,Screen Printing & Embroidery,0,0,0,0,0,0,0,,,,
443,Screw Conveyor Corp,0,0,0,0,0,0,0,,,,
444,Seals and Biehle Contractors,0,0,0,0,0,0,0,,,,
445,Security First Alarm King,0,0,0,0,0,0,0,,,,
446,SEE Youth,0,0,0,0,0,0,0,,,,
447,Sensation Banton & Dance Company,0,0,0,0,0,0,0,,,,
448,Sepmra Energy,0,0,0,0,0,0,0,,,,
449,Sequoia Beverage Company,0,0,0,0,0,0,0,,,,
450,Sequoia National Forest,0,0,0,0,0,0,0,,,,
451,Sequoia Prothstetics,0,0,0,0,0,0,0,,,,
452,Sequoia Riverlands Trust,0,0,0,0,0,0,0,,,,
453,Sequoia Safety Council,0,0,0,0,0,0,0,,,,
454,Sequoia Surgery Center,0,0,0,0,0,0,0,,,,
455,Sequoia Youth Football League,0,0,0,0,0,1053,0,,,,
456,Serpa Packagining Solutions,0,0,0,0,0,0,0,,,,
457,Service Master,0,0,0,0,0,0,0,,,,
458,Service Spring Corp,0,0,0,0,0,0,0,,,,
459,Setton Farms,0,0,0,0,0,0,0,,,,
460,SF Academy of Art,0,0,0,0,0,0,0,,,,
461,SGI Construction Management,0,0,0,0,0,0,0,,,,
462,Shannon Farming,0,0,0,0,0,0,0,,,,
463,Sheldon Ranches,0,0,0,0,0,0,0,,,,
464,Sid Carter Sr Master Uphlstry,0,0,0,0,0,0,0,,,,
465,Sierra Forest Products,0,0,0,0,0,0,0,,,,
466,Sierra View District Hospital,0,0,0,0,0,0,0,,,,
467,"Silveira's Ground Service, Inc.",0,0,0,0,0,0,0,,,,
468,SK Foods,0,0,0,0,0,0,0,,,,
469,Smart & Final,0,0,0,0,0,2808,0,,,,
470,SmithCare,0,0,0,0,0,0,0,,,,
471,Sol Power Construction,0,0,0,0,0,0,0,,,,
472,Sorensen Chiropractic & Massage,0,0,0,0,0,1872,0,,,,
473,Sousa Farms,0,0,0,0,0,0,0,,,,
474,"South Valley Materials, Inc.",0,0,0,0,0,0,0,,,,
475,Southern California Edison,0,0,0,0,0,0,0,,,,
476,Southern California Gas Company,0,0,0,0,0,0,0,,,,
477,SS Shirts,0,0,0,0,0,0,0,,,,
478,St Anne's Parish,0,0,0,0,0,0,0,,,,
479,St. Clement's Day Care Center,0,0,0,0,0,0,0,,,,
480,Staci Welch Photography,0,0,0,0,0,0,0,,,,
481,Stan*s Enterprises,0,0,0,0,0,0,0,,,,
482,Stan's Enterprises,0,0,0,0,0,0,0,,,,
483,"Staples, Inc.",0,0,0,0,0,0,0,,,,
484,Star Roses,0,0,0,0,0,0,0,,,,
485,Starbucks,0,0,0,0,0,0,0,,,,
486,State Farm Insurance,0,0,0,0,0,0,0,,,,
487,"Steven J. Lessley, OD",0,0,0,0,0,0,0,,,,
488,Stifel-Nicolaus,0,0,0,0,0,0,0,,,,
489,Strathmore Public Utilities District,0,0,0,0,0,0,0,,,,
490,Strathmore Union Elementary School District,0,0,0,0,0,2340,0,,,,
491,Subway,0,0,0,0,0,2106,0,,,,
492,Sun Pacific,0,0,0,0,0,0,0,,,,
493,Suncrest Bank,0,0,0,0,0,0,0,,,,
494,Sundowner Solar,0,0,0,0,0,0,0,,,,
495,Sun-Maid,0,0,0,0,0,0,0,,,,
496,SunPower,0,0,0,0,0,0,0,,,,
497,Suntreat,0,0,0,0,0,0,0,,,,
498,"Superior Court of California, County of Tulare",0,0,0,0,0,0,0,,,,
499,Surabian & Sons,0,0,0,0,0,0,0,,,,
500,Tachi Palace Hotel & Casion,0,0,0,0,0,0,0,,,,
501,Taco Bell,0,0,0,0,0,1287,0,,,,
502,TCOVE - Health Science,0,0,0,0,0,0,0,,,,
503,Telfer & Son's Construction,0,0,0,0,0,0,0,,,,
504,Telstar Instruments Inc.,0,0,0,0,0,0,0,,,,
505,Tenalu,0,0,0,0,0,0,0,,,,
506,Tenalu Farms,0,0,0,0,0,0,0,,,,
507,Termite Manufacturing,0,0,0,0,0,0,0,,,,
508,Terra Bella Union Elementary School District,0,0,0,0,0,0,0,,,,
509,Terrio Theraphy Fitness,0,0,0,0,0,0,0,,,,
510,"Teter, LLC",0,0,0,0,0,0,0,,,,
511,The Allen Group,0,0,0,0,0,0,0,,,,
512,The Auto Shop,0,0,0,0,0,0,0,,,,
513,The Foothills Sun-Gazette,0,0,0,0,0,0,0,,,,
514,The Lockwood Agency,0,0,0,0,0,0,0,,,,
515,The Meadows,0,0,0,0,0,1170,0,,,,
516,The Southern Pacific Depot Restuarnat,0,0,0,0,0,0,0,,,,
517,The Village Shopping Center,0,0,0,0,0,0,0,,,,
518,The Vintage Press,0,0,0,0,0,0,0,,,,
519,Thiele Technologies,0,0,0,0,0,0,0,,,,
520,Thomas Creeks Farms,0,0,0,0,0,0,0,,,,
521,"Thresher Industries, LLC.",0,0,0,0,0,0,0,,,,
522,Timothy Suorsa OD,0,0,0,0,0,0,0,,,,
523,Tom's Body and Paint,0,0,0,0,0,0,0,,,,
524,Tony's Pizza,0,0,0,0,0,0,0,,,,
525,Torian Group,0,0,0,0,0,0,0,,,,
526,Total Nutrition,0,0,0,0,0,0,0,,,,
527,Towanits Indian Education Center,0,0,0,0,0,0,0,,,,
528,Townsend Architecture,0,0,0,0,0,0,0,,,,
529,Toys for Tots,0,0,0,0,0,0,0,,,,
530,Tri-Mag Inc.,0,0,0,0,0,0,0,,,,
531,Tucoemas Federal Credit Union,0,0,0,0,0,0,0,,,,
532,Tulare Adult School,0,0,0,0,0,0,0,,,,
533,Tulare AG Products,0,0,0,0,0,1872,0,,,,
534,Tulare Community Band,0,0,0,0,0,0,0,,,,
535,Tulare Community Health Clinic,0,0,0,0,0,1170,0,,,,
536,Tulare County,0,0,0,0,0,0,0,,,,
537,Tulare County Association of Realtors,0,0,0,0,0,0,0,,,,
538,Tulare County Child Care Program,0,0,0,0,0,0,0,,,,
539,Tulare County District Attorney,0,0,0,0,0,0,0,,,,
540,Tulare County Farm Bureau,0,0,0,0,0,0,0,,,,
541,Tulare County Film Commission,0,0,0,0,0,0,0,,,,
542,Tulare County Fire Department,0,0,0,0,0,0,0,,,,
543,Tulare County Health & Human Services Agency,0,0,0,0,0,0,0,,,,
544,Tulare County Library,0,0,0,0,0,3486.6,0,,,,
545,Tulare County Office of Education,0,0,0,0,0,0,0,,,,
546,Tulare County Parks and Recreation Department,0,0,0,0,0,0,0,,,,
547,Tulare County Probation Department,0,0,0,0,0,0,0,,,,
548,Tulare County Resource Conservation District,0,0,0,0,0,0,0,,,,
549,Tulare County Resource Mangement,0,0,0,0,0,0,0,,,,
550,Tulare County Sheriff Department,0,0,0,0,0,0,0,,,,
551,Tulare County Stockyard,0,0,0,0,0,0,0,,,,
552,Tulare County Superior Court,0,0,0,0,0,0,0,,,,
553,Tulare County Supervisor,0,0,0,0,0,0,0,,,,
554,Tulare District Healthcare,0,0,0,0,0,0,0,,,,
555,Tulare Foot & Ankle Medicine & Surgery Center,0,0,0,0,0,0,0,,,,
556,Tulare Golf Course,0,0,0,0,0,0,0,,,,
557,Tulare Historical Museum,0,0,0,0,0,0,0,,,,
558,Tulare Kings Hispanic Chamber of Commerce,0,0,0,0,0,0,0,,,,
559,Tulare Pavilions,0,0,0,0,0,0,0,,,,
560,Tulare Regional Medial Center,0,0,0,0,0,0,0,,,,
561,Tulare/Akers Professional Center,0,0,0,0,0,0,0,,,,
562,Tule River Education Center,0,0,0,0,0,0,0,,,,
563,Tyrrell Management Company,0,0,0,0,0,0,0,,,,
564,UC Merced,0,0,0,0,0,0,0,,,,
565,Uniform Connection,0,0,0,0,0,0,0,,,,
566,United Signs,0,0,0,0,0,0,0,,,,
567,United Staffing,0,0,0,0,0,0,0,,,,
568,United States Air Force,0,0,0,0,0,0,0,,,,
569,United States Army,0,0,0,0,0,0,0,,,,
570,United States Department of Agriculture,0,0,0,0,0,0,0,,,,
571,United States Marines Corps,0,0,0,0,0,0,0,,,,
572,United States Navy,0,0,0,0,0,0,0,,,,
573,Universal Bio Parmical Research,0,0,0,0,0,0,0,,,,
574,Universal Technical Institute,0,0,0,0,0,0,0,,,,
575,"University of California, San Diego",0,0,0,0,0,0,0,,,,
576,"University of California, San Francisco",0,0,0,0,0,0,0,,,,
577,unWired Broadband,0,0,0,0,0,0,0,,,,
578,Urbanist Collective,0,0,0,0,0,0,0,,,,
579,US Army Corps,0,0,0,0,0,0,0,,,,
580,US Cotton Classing Office,0,0,0,0,0,0,0,,,,
581,US Farm Systems,0,0,0,0,0,0,0,,,,
582,US House of Representatives,0,0,0,0,0,0,0,,,,
583,US Naval Air Station,0,0,0,0,0,0,0,,,,
584,US Naval Hospital,0,0,0,0,0,0,0,,,,
585,Vali Cooper & Associates,0,0,0,0,0,0,0,,,,
586,Valley Agricultural Software,0,0,0,0,0,0,0,,,,
587,Valley Business Bank,0,0,0,0,0,0,0,,,,
588,Valley Children*s Hospital,0,0,0,0,0,0,0,,,,
589,Valley Children's Hospital,0,0,0,0,0,0,0,,,,
590,Valley Cleaning and Restoration,0,0,0,0,0,936,0,,,,
591,Valley Economic Development Center,0,0,0,0,0,0,0,,,,
592,Valley Financial Services,0,0,0,0,0,0,0,,,,
593,Valley Ford Lincoln,0,0,0,0,0,0,0,,,,
594,Valley Oak Credit Union,0,0,0,0,0,0,0,,,,
595,Valley Oaks Golf Course,0,0,0,0,0,0,0,,,,
596,Valley Orthopedic Inc,0,0,0,0,0,0,0,,,,
597,Valley Pallet,0,0,0,0,0,0,0,,,,
598,Valley Tire and Wheel,0,0,0,0,0,0,0,,,,
599,VCR Restoration,0,0,0,0,0,0,0,,,,
600,Verdegaal Brothers,0,0,0,0,0,0,0,,,,
601,Verdesian Life Science,0,0,0,0,0,0,0,,,,
602,"VF Outdoor, Inc.",0,0,0,0,0,0,0,,,,
603,Viking Ready Mix Co.,0,0,0,0,0,0,0,,,,
604,Visalia Adult School,0,0,0,0,0,0,0,,,,
605,Visalia Ceramic Tile,0,0,0,0,0,0,0,,,,
606,Visalia Community Bank,0,0,0,0,0,0,0,,,,
607,Visalia Convention Center,0,0,0,0,0,0,0,,,,
608,Visalia Family Practice Medical Group,0,0,0,0,0,0,0,,,,
609,Visalia Health Care Center,0,0,0,0,0,0,0,,,,
610,Visalia Holiday Inn & Conference Center,0,0,0,0,0,0,0,,,,
611,Visalia Lumber Co.,0,0,0,0,0,0,0,,,,
612,Visalia Mall,0,0,0,0,0,0,0,,,,
613,Visalia Medical Clinic,0,0,0,0,0,0,0,,,,
614,Visalia Public Works Administration,0,0,0,0,0,0,0,,,,
615,Visalia Technical Education Center,0,0,0,0,0,0,0,,,,
616,Visalia Times-Delta,0,0,0,0,0,0,0,,,,
617,Visalia Unified School District,0,0,0,0,0,1892.475,0,,,,
618,Visalia Youth Services,0,0,0,0,0,0,0,,,,
619,VMTRC,0,0,0,0,0,0,0,,,,
620,Voltage Multipliers,0,0,0,0,0,0,0,,,,
621,Vossler Farms,0,0,0,0,0,0,0,,,,
622,VWR,0,0,0,0,0,0,0,,,,
623,Walmart Distribution Center,0,0,0,0,0,0,0,,,,
624,Walmart Pharmacy Warehouse,0,0,0,0,0,0,0,,,,
625,Walmart Supercenter,0,0,0,0,0,0,0,,,,
626,Walter Mortensen Insurance,0,0,0,0,0,0,0,,,,
627,Warmerdam Packing,0,0,0,0,0,0,0,,,,
628,"Warren & Baerg Manufacturing, Inc.",0,0,0,0,0,0,0,,,,
629,Warson Starr Attorney at Law,0,0,0,0,0,0,0,,,,
630,Wawona Packing Company,0,0,0,0,0,0,0,,,,
631,Wells Fargo Bank,0,0,0,0,0,0,0,,,,
632,West Hills Community College,0,0,0,0,0,0,0,,,,
633,Western Farm Service,0,0,0,0,0,0,0,,,,
634,Westgate Gardens,0,0,0,0,0,0,0,,,,
635,Westlands Water District,0,0,0,0,0,0,0,,,,
636,Westwood Capital Services,0,0,0,0,0,0,0,,,,
637,Whitlacth Group,0,0,0,0,0,0,0,,,,
638,Wiggins Care Home,0,0,0,0,0,0,0,,,,
639,Wildplaces,0,0,0,0,0,0,0,,,,
640,Woodside Homes of Fresno,0,0,0,0,0,0,0,,,,
641,Workforce Investment Board of Tulare County,0,0,0,0,0,0,0,,,,
642,X Factor Fitness,0,0,0,0,0,0,0,,,,
643,Yamabe & Horn Engineering Inc.,0,0,0,0,0,0,0,,,,
644,Youngs Trucking,0,0,0,0,0,0,0,,,,
645,Zach Green Films,0,0,0,0,0,0,0,,,,
646,Zeeb Commercial Real Estate,0,0,0,0,0,0,0,,,,
647,Zylstra Automotive,0,0,0,0,0,0,0,,,,
